site_id,rows,valid_days,first_valid,last_valid,negatives_clipped,mean_pm25,max_pm25,completeness_pct,site_name,region
15,2830,1409,2021-10-07,2026-09-30,0,5.976557842441447,82.36,49.8,Alexandria,Sydney East
33,2830,2638,2019-01-01,2026-09-30,0,6.774905231235785,114.82,93.2,Randwick,Sydney East
39,2830,2675,2019-01-01,2026-09-30,0,6.835323364485982,101.81,94.5,Rozelle,Sydney East
61,2830,2660,2019-01-03,2026-09-30,10,8.420703007518798,145.8,94.0,Bradfield Highway,Roadside Monitoring
62,2830,1454,2022-06-15,2026-09-30,0,6.944126547455296,48.1,51.4,Cammeray,Research Monitoring 
107,2830,2657,2019-01-01,2026-09-30,0,8.084463680843056,156.05,93.9,Liverpool,Sydney South-west
113,2830,2704,2019-01-01,2026-09-28,5,6.44135724852071,213.06,95.5,Macquarie Park,Sydney East
155,2830,2527,2019-05-27,2026-09-28,4,6.6640403640680645,183.5,89.3,Rouse Hill,Sydney North-west
171,2830,2672,2019-01-01,2026-09-30,3,7.4928480538922155,178.0,94.4,Bringelly,Sydney South-west
206,2830,2688,2019-01-01,2026-09-30,0,7.157816220238095,92.19,95.0,Earlwood,Sydney East
259,2830,2651,2019-01-01,2026-09-30,25,5.592870614862316,202.1,93.7,Wyong,Central Coast
264,2830,1987,2020-11-27,2026-09-30,22,4.376049320583794,51.01,70.2,Morisset,Lake Macquarie
287,2830,2682,2019-01-01,2026-09-30,1,6.659284116331096,108.29,94.8,Wallsend,Lower Hunter
294,2830,2666,2019-01-01,2026-09-30,2,7.309317329332333,92.11,94.2,Carrington,Newcastle Local
295,2830,2679,2019-01-01,2026-09-30,0,8.96611795446062,98.63,94.7,Stockton,Newcastle Local
300,2830,2622,2019-01-01,2026-09-30,6,7.124618611746758,95.49,92.7,Newcastle,Lower Hunter
304,2830,2669,2019-01-01,2026-09-30,6,7.200164855751218,103.17,94.3,Mayfield,Newcastle Local
322,2830,2684,2019-01-01,2026-09-30,1,7.123185543964233,100.53,94.8,Beresfield,Lower Hunter
329,2830,2060,2020-07-31,2026-09-30,24,4.09173786407767,27.06,72.8,Merriwa,Upper Hunter
330,2830,2544,2019-01-01,2026-09-30,4,7.33065644654088,69.32,89.9,Singleton,Upper Hunter
333,2830,2707,2019-01-01,2026-09-30,6,7.944347986701144,77.39,95.7,Muswellbrook,Upper Hunter
340,2830,2630,2019-01-01,2026-09-29,5,6.956053231939163,164.23,92.9,Tamworth,North-west Slopes
380,2830,2546,2019-01-01,2026-09-30,5,7.460942655145327,94.09,90.0,Gunnedah,North-west Slopes
390,2830,2596,2019-01-01,2026-09-30,23,4.677692604006164,87.72,91.7,Narrabri,North-west Slopes
450,2830,2304,2019-11-23,2026-09-30,3,4.622105034722222,114.09,81.4,Coffs Harbour,Mid-North Coast
500,2830,2591,2019-01-01,2026-09-30,2,6.360250868390582,100.89,91.6,Wollongong,Illawarra
526,2830,2676,2019-01-01,2026-09-30,2,5.991513452914798,100.36,94.6,Kembla Grange,Illawarra
573,2830,2573,2019-01-01,2026-09-30,7,7.395670423630005,141.18,90.9,Richmond,Sydney North-west
640,2830,2616,2019-01-01,2026-09-30,4,7.911055045871559,275.18,92.4,Albury,South-west Slopes
760,2830,2639,2019-01-01,2026-09-30,2,6.281879499810534,88.25,93.3,St Marys,Sydney North-west
795,2830,2689,2019-01-01,2026-09-30,2,6.296158423205652,207.28,95.0,Bathurst,Central Tablelands
798,2830,1010,2023-07-27,2026-09-04,0,6.189623762376238,38.43,35.7,Millthorpe,Cadia Monitoring
803,2830,2391,2019-02-16,2026-09-30,6,6.61456712672522,442.67,84.5,Port Macquarie,Mid-North Coast
919,2830,2659,2019-01-01,2026-09-30,0,7.094945468221136,130.14,94.0,Parramatta North,Sydney North-west
951,2830,9,2026-09-22,2026-09-30,0,6.842222222222222,14.28,0.3,Quirindi,Incident Monitoring
1001,2830,2292,2019-09-07,2026-09-30,10,6.831234729493892,112.46,81.0,Cook And Phillip,Sydney East
1007,2830,353,2025-04-11,2026-09-30,0,7.33643059490085,33.28,12.5,Ultimo-Uts,Sydney East
1141,2830,2193,2020-04-08,2026-09-30,5,6.274040127678978,44.46,77.5,Lidcombe,Sydney East
1148,2830,2582,2019-01-01,2026-09-30,4,7.718117738187452,134.06,91.2,Prospect,Sydney North-west
1350,2830,2708,2019-01-01,2026-09-30,33,8.738504431314624,267.29,95.7,Armidale,Northern Tablelands
1570,2830,2659,2019-01-01,2026-09-30,10,5.964960511470478,250.16,94.0,Oakdale,Sydney South-west
1580,2830,2368,2019-11-08,2026-09-30,8,7.491461148648648,516.08,83.7,Goulburn,Southern Tablelands
1650,2830,2625,2019-01-01,2026-09-30,1,7.820026666666666,559.53,92.8,Wagga Wagga North,South-west Slopes
1750,2830,2171,2020-07-03,2026-09-30,0,7.197646245969599,72.52,76.7,Penrith,Sydney North-west
1800,2830,2586,2019-01-18,2026-09-30,5,7.886291569992267,387.43,91.4,Orange,Central Tablelands
2330,2830,2668,2019-01-01,2026-09-30,4,6.510168665667167,79.95,94.3,Camberwell,Upper Hunter
2560,2830,2659,2019-01-01,2026-09-30,10,6.737623166603987,106.02,94.0,Campbelltown West,Sydney South-west
2570,2830,2614,2019-01-01,2026-09-30,7,6.55358454475899,155.3,92.4,Camden,Sydney South-west
2921,2830,2676,2019-01-01,2026-09-30,4,5.577421524663677,96.3,94.6,Albion Park South,Illawarra
