profile,category,advice,icon,source
general,Good,NO CHANGE needed to your normal outdoor activities.,outdoors_ok,"Air Quality NSW (2025), Health advice: activity guide (everyone else)"
general,Fair,NO CHANGE needed to your normal outdoor activities.,outdoors_ok,"Air Quality NSW (2025), Health advice: activity guide (everyone else)"
general,Poor,REDUCE outdoor physical activity if you develop symptoms such as cough or shortness of breath.,reduce_outdoor,"Air Quality NSW (2025), Health advice: activity guide (everyone else)"
general,Very poor,"AVOID outdoor physical activity if you develop symptoms such as cough or shortness of breath. When indoors, close windows and doors until outdoor air quality is better.",reduce_outdoor;close_windows,"Air Quality NSW (2025), Health advice: activity guide (everyone else)"
general,Extremely poor,STAY INDOORS as much as possible with windows and doors closed until outdoor air quality is better.,stay_indoors;close_windows,"Air Quality NSW (2025), Health advice: activity guide (everyone else)"
asthma_copd,Good,NO CHANGE needed to your normal outdoor activities.,outdoors_ok,"Air Quality NSW (2025), Health advice: activity guide (sensitive groups)"
asthma_copd,Fair,"REDUCE outdoor physical activity if you develop symptoms such as cough or shortness of breath. Consider closing windows and doors until outdoor air quality is better. Follow your Asthma Action Plan or other health action plan, and keep your medication with you.",reduce_outdoor;close_windows;medication,"Air Quality NSW (2025), Health advice: activity guide (sensitive groups); Air Quality NSW, Bushfire smoke health advice"
asthma_copd,Poor,"AVOID outdoor physical activity if you develop symptoms such as cough or shortness of breath. When indoors, close windows and doors until outdoor air quality is better. Follow your Asthma Action Plan or other health action plan, and keep your medication with you.",reduce_outdoor;close_windows;see_doctor;medication,"Air Quality NSW (2025), Health advice: activity guide (sensitive groups); Air Quality NSW, Bushfire smoke health advice"
asthma_copd,Very poor,"STAY INDOORS as much as possible with windows and doors closed until outdoor air quality is better. Follow your Asthma Action Plan or other health action plan, and keep your medication with you.",stay_indoors;close_windows;see_doctor;medication,"Air Quality NSW (2025), Health advice: activity guide (sensitive groups); Air Quality NSW, Bushfire smoke health advice"
asthma_copd,Extremely poor,"STAY INDOORS with windows and doors closed until outdoor air quality is better and reduce indoor activity. Follow your Asthma Action Plan or other health action plan, and keep your medication with you.",stay_indoors;close_windows;see_doctor;medication,"Air Quality NSW (2025), Health advice: activity guide (sensitive groups); Air Quality NSW, Bushfire smoke health advice"
heart_disease,Good,NO CHANGE needed to your normal outdoor activities.,outdoors_ok,"Air Quality NSW (2025), Health advice: activity guide (sensitive groups)"
heart_disease,Fair,REDUCE outdoor physical activity if you develop symptoms such as cough or shortness of breath. Consider closing windows and doors until outdoor air quality is better. Follow the treatment plan recommended by your doctor. Call Triple Zero (000) if you have trouble breathing or chest pain.,reduce_outdoor;close_windows,"Air Quality NSW (2025), Health advice: activity guide (sensitive groups); Air Quality NSW, Bushfire smoke health advice"
heart_disease,Poor,"AVOID outdoor physical activity if you develop symptoms such as cough or shortness of breath. When indoors, close windows and doors until outdoor air quality is better. Follow the treatment plan recommended by your doctor. Call Triple Zero (000) if you have trouble breathing or chest pain.",reduce_outdoor;close_windows;see_doctor,"Air Quality NSW (2025), Health advice: activity guide (sensitive groups); Air Quality NSW, Bushfire smoke health advice"
heart_disease,Very poor,STAY INDOORS as much as possible with windows and doors closed until outdoor air quality is better. Follow the treatment plan recommended by your doctor. Call Triple Zero (000) if you have trouble breathing or chest pain.,stay_indoors;close_windows;see_doctor,"Air Quality NSW (2025), Health advice: activity guide (sensitive groups); Air Quality NSW, Bushfire smoke health advice"
heart_disease,Extremely poor,STAY INDOORS with windows and doors closed until outdoor air quality is better and reduce indoor activity. Follow the treatment plan recommended by your doctor. Call Triple Zero (000) if you have trouble breathing or chest pain.,stay_indoors;close_windows;see_doctor,"Air Quality NSW (2025), Health advice: activity guide (sensitive groups); Air Quality NSW, Bushfire smoke health advice"
pregnancy,Good,NO CHANGE needed to your normal outdoor activities.,outdoors_ok,"Air Quality NSW (2025), Health advice: activity guide (sensitive groups)"
pregnancy,Fair,REDUCE outdoor physical activity if you develop symptoms such as cough or shortness of breath. Consider closing windows and doors until outdoor air quality is better. Follow the treatment plan recommended by your doctor; call the HealthDirect helpline on 1800 022 222 if you are concerned.,reduce_outdoor;close_windows,"Air Quality NSW (2025), Health advice: activity guide (sensitive groups)"
pregnancy,Poor,"AVOID outdoor physical activity if you develop symptoms such as cough or shortness of breath. When indoors, close windows and doors until outdoor air quality is better. Follow the treatment plan recommended by your doctor; call the HealthDirect helpline on 1800 022 222 if you are concerned.",reduce_outdoor;close_windows;see_doctor,"Air Quality NSW (2025), Health advice: activity guide (sensitive groups)"
pregnancy,Very poor,STAY INDOORS as much as possible with windows and doors closed until outdoor air quality is better. Follow the treatment plan recommended by your doctor; call the HealthDirect helpline on 1800 022 222 if you are concerned.,stay_indoors;close_windows;see_doctor,"Air Quality NSW (2025), Health advice: activity guide (sensitive groups)"
pregnancy,Extremely poor,STAY INDOORS with windows and doors closed until outdoor air quality is better and reduce indoor activity. Follow the treatment plan recommended by your doctor; call the HealthDirect helpline on 1800 022 222 if you are concerned.,stay_indoors;close_windows;see_doctor,"Air Quality NSW (2025), Health advice: activity guide (sensitive groups)"
children,Good,NO CHANGE needed to your normal outdoor activities.,outdoors_ok,"Air Quality NSW (2025), Health advice: activity guide (sensitive groups)"
children,Fair,REDUCE outdoor physical activity if you develop symptoms such as cough or shortness of breath. Consider closing windows and doors until outdoor air quality is better. Infants and young children are more sensitive to air pollution: plan indoor play and watch for coughing or wheezing.,reduce_outdoor;close_windows,"Air Quality NSW (2025), Health advice: activity guide (sensitive groups); Air Quality NSW, Bushfire smoke health advice"
children,Poor,"AVOID outdoor physical activity if you develop symptoms such as cough or shortness of breath. When indoors, close windows and doors until outdoor air quality is better. Infants and young children are more sensitive to air pollution: plan indoor play and watch for coughing or wheezing.",reduce_outdoor;close_windows;see_doctor,"Air Quality NSW (2025), Health advice: activity guide (sensitive groups); Air Quality NSW, Bushfire smoke health advice"
children,Very poor,STAY INDOORS as much as possible with windows and doors closed until outdoor air quality is better. Infants and young children are more sensitive to air pollution: plan indoor play and watch for coughing or wheezing.,stay_indoors;close_windows;see_doctor,"Air Quality NSW (2025), Health advice: activity guide (sensitive groups); Air Quality NSW, Bushfire smoke health advice"
children,Extremely poor,STAY INDOORS with windows and doors closed until outdoor air quality is better and reduce indoor activity. Infants and young children are more sensitive to air pollution: plan indoor play and watch for coughing or wheezing.,stay_indoors;close_windows;see_doctor,"Air Quality NSW (2025), Health advice: activity guide (sensitive groups); Air Quality NSW, Bushfire smoke health advice"
older_adults,Good,NO CHANGE needed to your normal outdoor activities.,outdoors_ok,"Air Quality NSW (2025), Health advice: activity guide (sensitive groups)"
older_adults,Fair,REDUCE outdoor physical activity if you develop symptoms such as cough or shortness of breath. Consider closing windows and doors until outdoor air quality is better. People over 65 are more sensitive to air pollution: follow the treatment plan recommended by your doctor; call HealthDirect on 1800 022 222 if you are concerned.,reduce_outdoor;close_windows,"Air Quality NSW (2025), Health advice: activity guide (sensitive groups)"
older_adults,Poor,"AVOID outdoor physical activity if you develop symptoms such as cough or shortness of breath. When indoors, close windows and doors until outdoor air quality is better. People over 65 are more sensitive to air pollution: follow the treatment plan recommended by your doctor; call HealthDirect on 1800 022 222 if you are concerned.",reduce_outdoor;close_windows;see_doctor,"Air Quality NSW (2025), Health advice: activity guide (sensitive groups)"
older_adults,Very poor,STAY INDOORS as much as possible with windows and doors closed until outdoor air quality is better. People over 65 are more sensitive to air pollution: follow the treatment plan recommended by your doctor; call HealthDirect on 1800 022 222 if you are concerned.,stay_indoors;close_windows;see_doctor,"Air Quality NSW (2025), Health advice: activity guide (sensitive groups)"
older_adults,Extremely poor,STAY INDOORS with windows and doors closed until outdoor air quality is better and reduce indoor activity. People over 65 are more sensitive to air pollution: follow the treatment plan recommended by your doctor; call HealthDirect on 1800 022 222 if you are concerned.,stay_indoors;close_windows;see_doctor,"Air Quality NSW (2025), Health advice: activity guide (sensitive groups)"
