site_id,site_name,lon,lat,region,first_valid,last_valid,completeness_pct
33,Randwick,151.24278,-33.93175,Sydney East,2019-01-01,2026-09-30,93.2
39,Rozelle,151.16395,-33.86433,Sydney East,2019-01-01,2026-09-30,94.5
107,Liverpool,150.90727,-33.93132,Sydney South-west,2019-01-01,2026-09-30,93.9
171,Bringelly,150.76192,-33.91766,Sydney South-west,2019-01-01,2026-09-30,94.4
206,Earlwood,151.13577,-33.91619,Sydney East,2019-01-01,2026-09-30,95.0
259,Wyong,151.43239,-33.27891,Central Coast,2019-01-01,2026-09-30,93.7
287,Wallsend,151.67021,-32.89435,Lower Hunter,2019-01-01,2026-09-30,94.8
294,Carrington,151.76335,-32.90964,Newcastle Local,2019-01-01,2026-09-30,94.2
295,Stockton,151.78429,-32.90201,Newcastle Local,2019-01-01,2026-09-30,94.7
300,Newcastle,151.75965,-32.9312,Lower Hunter,2019-01-01,2026-09-30,92.7
304,Mayfield,151.72842,-32.88488,Newcastle Local,2019-01-01,2026-09-30,94.3
322,Beresfield,151.66099,-32.79677,Lower Hunter,2019-01-01,2026-09-30,94.8
340,Tamworth,150.91451,-31.1099,North-west Slopes,2019-01-01,2026-09-29,92.9
500,Wollongong,150.88733,-34.41706,Illawarra,2019-01-01,2026-09-30,91.6
526,Kembla Grange,150.81913,-34.47408,Illawarra,2019-01-01,2026-09-30,94.6
573,Richmond,150.74731,-33.61641,Sydney North-west,2019-01-01,2026-09-30,90.9
640,Albury,146.93986,-36.05182,South-west Slopes,2019-01-01,2026-09-30,92.4
760,St Marys,150.76677,-33.79512,Sydney North-west,2019-01-01,2026-09-30,93.3
795,Bathurst,149.57456,-33.40178,Central Tablelands,2019-01-01,2026-09-30,95.0
919,Parramatta North,150.99777,-33.7995,Sydney North-west,2019-01-01,2026-09-30,94.0
1570,Oakdale,150.49819,-34.0517,Sydney South-west,2019-01-01,2026-09-30,94.0
2921,Albion Park South,150.78252,-34.57781,Illawarra,2019-01-01,2026-09-30,94.6
333,Muswellbrook,150.88563,-32.27152,Upper Hunter,2019-01-01,2026-09-30,95.7
330,Singleton,151.17707,-32.55734,Upper Hunter,2019-01-01,2026-09-30,89.9
2330,Camberwell,151.09188,-32.47231,Upper Hunter,2019-01-01,2026-09-30,94.3
1650,Wagga Wagga North,147.36037,-35.10411,South-west Slopes,2019-01-01,2026-09-30,92.8
329,Merriwa,150.45824,-32.12665,Upper Hunter,2020-07-31,2026-09-30,72.8
2560,Campbelltown West,150.79558,-34.06666,Sydney South-west,2019-01-01,2026-09-30,94.0
2570,Camden,150.69013,-34.04168,Sydney South-west,2019-01-01,2026-09-30,92.4
113,Macquarie Park,151.1178,-33.76524,Sydney East,2019-01-01,2026-09-28,95.5
390,Narrabri,149.82932,-30.31842,North-west Slopes,2019-01-01,2026-09-30,91.7
380,Gunnedah,150.26069,-30.98178,North-west Slopes,2019-01-01,2026-09-30,90.0
1350,Armidale,151.66173,-30.50851,Northern Tablelands,2019-01-01,2026-09-30,95.7
1800,Orange,149.09447,-33.27429,Central Tablelands,2019-01-18,2026-09-30,91.4
803,Port Macquarie,152.88819,-31.45405,Mid-North Coast,2019-02-16,2026-09-30,84.5
61,Bradfield Highway,151.21109,-33.84327,Roadside Monitoring,2019-01-03,2026-09-30,94.0
155,Rouse Hill,150.90366,-33.68275,Sydney North-west,2019-05-27,2026-09-28,89.3
1001,Cook And Phillip,151.21323,-33.87288,Sydney East,2019-09-07,2026-09-30,81.0
1580,Goulburn,149.72416,-34.73452,Southern Tablelands,2019-11-08,2026-09-30,83.7
450,Coffs Harbour,153.11811,-30.29828,Mid-North Coast,2019-11-23,2026-09-30,81.4
1148,Prospect,150.91417,-33.79424,Sydney North-west,2019-01-01,2026-09-30,91.2
1141,Lidcombe,151.04676,-33.88143,Sydney East,2020-04-08,2026-09-30,77.5
1750,Penrith,150.70385,-33.72687,Sydney North-west,2020-07-03,2026-09-30,76.7
264,Morisset,151.55257,-33.10801,Lake Macquarie,2020-11-27,2026-09-30,70.2
15,Alexandria,151.197267,-33.905317,Sydney East,2021-10-07,2026-09-30,49.8
62,Cammeray,151.216707,-33.827271,Research Monitoring ,2022-06-15,2026-09-30,51.4
798,Millthorpe,149.185325,-33.444339,Cadia Monitoring,2023-07-27,2026-09-04,35.7
1007,Ultimo-Uts,151.2011926726,-33.8836772026,Sydney East,2025-04-11,2026-09-30,12.5
951,Quirindi,150.661574,-31.471306,Incident Monitoring,2026-09-22,2026-09-30,0.3
